# consumer	provider	references
# Regenerate: python3 tools/module-edges.py > tools/module-edges.tsv
fleet	place	231
fleet	util	130
sandbox	place	57
gitgate	place	55
bin/skein-server	gitgate	52
bin/skein-server	place	47
lib	util	41
lib	signals	40
fleet	config	36
fleet	repos	36
lib	place	35
lib	repos	34
bin/skein-server	fleet	29
sandbox	util	29
gitgate	config	28
health	gitgate	27
fleet	substrate	26
lib	runtime	26
bin/skein	place	25
bin/skein-server	substrate	25
bin/skein	apiauth	24
lib	substrate	24
runtime	place	24
substrate	place	24
fleet	gitgate	21
lib	gitgate	21
fleet	moduledocs	20
gitgate	util	18
repos	util	18
sandbox	runtime	18
util	gitgate	18
bin/skein-server	repos	17
repos	place	17
bin/skein-server	prq	16
bin/skein-server	tracking	16
sandbox	repos	16
bin/skein	repos	15
repos	config	15
gitgate	fleet	14
lib	fleet	14
lib	sandbox	14
prq	github	14
tracking	util	14
bin/skein-server	health	13
bin/skein-server	util	13
fleet	prq	13
health	place	13
prq	place	13
review	prq	13
substrate	util	13
bin/skein-server	sandbox	12
repos	moduledocs	12
tracking	repos	12
fleet	codeowners	11
lib	apiauth	11
lib	codeowners	11
lib	diff	11
moduledocs	repos	11
place	config	11
place	util	11
tracking	moduledocs	11
bin/skein	fleet	10
bin/skein-server	config	10
codeowners	gitgate	10
config	place	10
mailbox	place	10
prq	gitgate	10
tracking	place	10
transcript	place	10
bin/skein	prq	9
lib	tracking	9
prq	moduledocs	9
prq	repos	9
repos	runtime	9
signals	codeowners	9
tracking	apiauth	9
tracking	config	9
util	place	9
bin/skein	moduledocs	8
bin/skein-server	moduledocs	8
config	gitgate	8
gitgate	repos	8
health	apiauth	8
repos	gitgate	8
review	ai	8
sandbox	apiauth	8
substrate	prq	8
bin/skein-server	codeowners	7
config	util	7
contracts	gitgate	7
diff	util	7
fleet	review	7
github	place	7
github	prq	7
github	util	7
health	repos	7
repos	tracking	7
review	repos	7
sandbox	moduledocs	7
ai	review	6
ai	signals	6
bin/skein-server	apiauth	6
bin/skein-server	runtime	6
config	apiauth	6
mailbox	gitgate	6
review	contracts	6
tracking	sandbox	6
util	codeowners	6
bin/skein	config	5
bin/skein	runtime	5
bin/skein-server	review	5
codeowners	place	5
config	moduledocs	5
gitgate	substrate	5
health	moduledocs	5
health	util	5
place	gitgate	5
prq	apiauth	5
review	moduledocs	5
sandbox	fleet	5
sandbox	substrate	5
signals	gitgate	5
substrate	fleet	5
apiauth	config	4
apiauth	gitgate	4
apiauth	moduledocs	4
apiauth	place	4
bin/skein-server	files	4
config	prq	4
config	substrate	4
diff	moduledocs	4
diff	place	4
files	place	4
files	sandbox	4
fleet	apiauth	4
health	fleet	4
health	github	4
health	substrate	4
lib	mailbox	4
moduledocs	review	4
prq	review	4
prq	substrate	4
repos	apiauth	4
repos	prq	4
review	place	4
runtime	moduledocs	4
runtime	util	4
sandbox	ai	4
sandbox	tracking	4
substrate	config	4
substrate	moduledocs	4
transcript	sandbox	4
ai	config	3
bin/skein-server	mailbox	3
config	runtime	3
diff	answer	3
diff	codeowners	3
diff	prq	3
diff	sandbox	3
files	answer	3
files	moduledocs	3
files	util	3
health	prq	3
health	runtime	3
lib	config	3
lib	moduledocs	3
lib	prq	3
lib	review	3
mailbox	codeowners	3
mailbox	repos	3
moduledocs	ai	3
moduledocs	codeowners	3
moduledocs	place	3
moduledocs	prq	3
moduledocs	util	3
place	codeowners	3
prq	codeowners	3
prq	config	3
repos	fleet	3
repos	substrate	3
review	answer	3
review	codeowners	3
review	gitgate	3
review	substrate	3
runtime	codeowners	3
runtime	repos	3
signals	place	3
signals	substrate	3
signals	util	3
substrate	apiauth	3
substrate	gitgate	3
transcript	fleet	3
transcript	repos	3
transcript	util	3
util	prq	3
ai	util	2
bin/skein	gitgate	2
bin/skein	sandbox	2
bin/skein	util	2
bin/skein-server	ai	2
config	codeowners	2
diff	config	2
diff	gitgate	2
gitgate	moduledocs	2
gitgate	tracking	2
github	codeowners	2
health	ai	2
mailbox	util	2
place	fleet	2
prq	util	2
repos	codeowners	2
repos	signals	2
review	config	2
review	util	2
runtime	substrate	2
sandbox	gitgate	2
signals	moduledocs	2
testutil	moduledocs	2
testutil	place	2
testutil	util	2
tracking	codeowners	2
tracking	gitgate	2
util	apiauth	2
util	moduledocs	2
util	substrate	2
ai	apiauth	1
ai	moduledocs	1
ai	prq	1
answer	gitgate	1
answer	place	1
apiauth	codeowners	1
bin/skein	codeowners	1
bin/skein	health	1
bin/skein	mailbox	1
bin/skein-server	diff	1
bin/skein-server	transcript	1
codeowners	apiauth	1
codeowners	substrate	1
config	review	1
config	tracking	1
contracts	apiauth	1
contracts	codeowners	1
contracts	substrate	1
diff	apiauth	1
diff	fleet	1
files	apiauth	1
fleet	contracts	1
fleet	signals	1
gitgate	apiauth	1
gitgate	codeowners	1
gitgate	prq	1
github	substrate	1
health	review	1
health	signals	1
mailbox	moduledocs	1
place	moduledocs	1
place	prq	1
place	substrate	1
repos	review	1
runtime	gitgate	1
sandbox	codeowners	1
testutil	apiauth	1
tracking	prq	1
transcript	codeowners	1
transcript	gitgate	1
transcript	moduledocs	1
